LSK,Lisk,"LSK, Lisk",LSK,Lisk,"https://newsapi.org/v2/everything?language=en&q=(LSK)AND(""Lisk"")&from=2018-10-01&to=2018-11-05&sortBy=popularity&apiKey=445938e7b4214f4988780151868665cc"
XRP,Ripple,"XRP, Ripple",XRP,Ripple,"https://newsapi.org/v2/everything?language=en&q=(XRP)AND(""Ripple"")&from=2018-10-01&to=2018-11-05&sortBy=popularity&apiKey=445938e7b4214f4988780151868665cc"
ETH,Ethereum,"ETH, Ethereum",ETH,Ethereum,"https://newsapi.org/v2/everything?language=en&q=(ETH)AND(""Ethereum"")&from=2018-10-01&to=2018-11-05&sortBy=popularity&apiKey=445938e7b4214f4988780151868665cc"
BTC,Bitcoin,"BTC, Bitcoin",BTC,Bitcoin,"https://newsapi.org/v2/everything?language=en&q=(BTC)AND(""Bitcoin"")&from=2018-10-01&to=2018-11-05&sortBy=popularity&apiKey=445938e7b4214f4988780151868665cc"
BCH,Bitcoin Cash,"BCH, Bitcoin Cash",BCH,Bitcoin Cash,"https://newsapi.org/v2/everything?language=en&q=(BCH)AND(""Bitcoin Cash"")&from=2018-10-01&to=2018-11-05&sortBy=popularity&apiKey=445938e7b4214f4988780151868665cc"
EOS,EOS,"EOS, Crypto",EOS,Crypto,"https://newsapi.org/v2/everything?language=en&q=(EOS)AND(""Crypto"")&from=2018-10-01&to=2018-11-05&sortBy=popularity&apiKey=445938e7b4214f4988780151868665cc"
LTC,Litecoin ,"LTC, Litecoin ",LTC,Litecoin ,"https://newsapi.org/v2/everything?language=en&q=(LTC)AND(""Litecoin "")&from=2018-10-01&to=2018-11-05&sortBy=popularity&apiKey=445938e7b4214f4988780151868665cc"
XLM,Stellar Lumen ,"XLM, Stellar Lumen ",XLM,Stellar Lumen,"https://newsapi.org/v2/everything?language=en&q=(XLM)AND(""Stellar Lumen"")&from=2018-10-01&to=2018-11-05&sortBy=popularity&apiKey=445938e7b4214f4988780151868665cc"
ADA,Cardano,"ADA, Cardano",ADA,Cardano,"https://newsapi.org/v2/everything?language=en&q=(ADA)AND(""Cardano"")&from=2018-10-01&to=2018-11-05&sortBy=popularity&apiKey=445938e7b4214f4988780151868665cc"
IOT,IOTA ,"IOT, IOTA ",IOT,IOTA,"https://newsapi.org/v2/everything?language=en&q=(IOT)AND(""IOTA"")&from=2018-10-01&to=2018-11-05&sortBy=popularity&apiKey=445938e7b4214f4988780151868665cc"
TRX,TRON,"TRX, TRON",TRX,TRON,"https://newsapi.org/v2/everything?language=en&q=(TRX)AND(""TRON"")&from=2018-10-01&to=2018-11-05&sortBy=popularity&apiKey=445938e7b4214f4988780151868665cc"
NEO,NEO,"NEO, Crypto",NEO,Crypto,"https://newsapi.org/v2/everything?language=en&q=(NEO)AND(""Crypto"")&from=2018-10-01&to=2018-11-05&sortBy=popularity&apiKey=445938e7b4214f4988780151868665cc"
XMR,Monero,"XMR, Monero",XMR,Monero,"https://newsapi.org/v2/everything?language=en&q=(XMR)AND(""Monero"")&from=2018-10-01&to=2018-11-05&sortBy=popularity&apiKey=445938e7b4214f4988780151868665cc"
USDT,Tether,"USDT, Tether",USDT,Tether,"https://newsapi.org/v2/everything?language=en&q=(USDT)AND(""Tether"")&from=2018-10-01&to=2018-11-05&sortBy=popularity&apiKey=445938e7b4214f4988780151868665cc"
DASH,Dash,"DASH, Crypto",DASH,Crypto,"https://newsapi.org/v2/everything?language=en&q=(DASH)AND(""Crypto"")&from=2018-10-01&to=2018-11-05&sortBy=popularity&apiKey=445938e7b4214f4988780151868665cc"
XEM,NEM ,"XEM, NEM ",XEM,NEM,"https://newsapi.org/v2/everything?language=en&q=(XEM)AND(""NEM"")&from=2018-10-01&to=2018-11-05&sortBy=popularity&apiKey=445938e7b4214f4988780151868665cc"
VEN,VeChain,"VEN, VeChain",VEN,VeChain,"https://newsapi.org/v2/everything?language=en&q=(VEN)AND(""VeChain"")&from=2018-10-01&to=2018-11-05&sortBy=popularity&apiKey=445938e7b4214f4988780151868665cc"
BNB,Binance Coin,"BNB, Binance Coin",BNB,Binance Coin,"https://newsapi.org/v2/everything?language=en&q=(BNB)AND(""Binance Coin"")&from=2018-10-01&to=2018-11-05&sortBy=popularity&apiKey=445938e7b4214f4988780151868665cc"
ETC,Ethereum Classic,"ETC, Ethereum Classic",ETC,Ethereum Classic,"https://newsapi.org/v2/everything?language=en&q=(ETC)AND(""Ethereum Classic"")&from=2018-10-01&to=2018-11-05&sortBy=popularity&apiKey=445938e7b4214f4988780151868665cc"
ONT,Ontology,"ONT, Ontology",ONT,Ontology,"https://newsapi.org/v2/everything?language=en&q=(ONT)AND(""Ontology"")&from=2018-10-01&to=2018-11-05&sortBy=popularity&apiKey=445938e7b4214f4988780151868665cc"
Qtum,QTUM,"QTUM, Crypto",QTUM,Crypto,"https://newsapi.org/v2/everything?language=en&q=(QTUM)AND(""Crypto"")&from=2018-10-01&to=2018-11-05&sortBy=popularity&apiKey=445938e7b4214f4988780151868665cc"
OMG,OmiseGo,"OMG, OmiseGo",OMG,OmiseGo,"https://newsapi.org/v2/everything?language=en&q=(OMG)AND(""OmiseGo"")&from=2018-10-01&to=2018-11-05&sortBy=popularity&apiKey=445938e7b4214f4988780151868665cc"
BCN,Bytecoin,"BCN, Bytecoin",BCN,Bytecoin,"https://newsapi.org/v2/everything?language=en&q=(BCN)AND(""Bytecoin"")&from=2018-10-01&to=2018-11-05&sortBy=popularity&apiKey=445938e7b4214f4988780151868665cc"
ICX,ICON,"ICX, ICON",ICX,ICON,"https://newsapi.org/v2/everything?language=en&q=(ICX)AND(""ICON"")&from=2018-10-01&to=2018-11-05&sortBy=popularity&apiKey=445938e7b4214f4988780151868665cc"
ZEC,Zcash,"ZEC, Zcash",ZEC,Zcash,"https://newsapi.org/v2/everything?language=en&q=(ZEC)AND(""Zcash"")&from=2018-10-01&to=2018-11-05&sortBy=popularity&apiKey=445938e7b4214f4988780151868665cc"
ZIL,Zilliqa,"ZIL, Zilliqa",ZIL,Zilliqa,"https://newsapi.org/v2/everything?language=en&q=(ZIL)AND(""Zilliqa"")&from=2018-10-01&to=2018-11-05&sortBy=popularity&apiKey=445938e7b4214f4988780151868665cc"
AE,Aeternity,"AE, Aeternity",AE,Aeternity,"https://newsapi.org/v2/everything?language=en&q=(AE)AND(""Aeternity"")&from=2018-10-01&to=2018-11-05&sortBy=popularity&apiKey=445938e7b4214f4988780151868665cc"
DCR,Decred ,"DCR, Decred ",DCR,Decred,"https://newsapi.org/v2/everything?language=en&q=(DCR)AND(""Decred"")&from=2018-10-01&to=2018-11-05&sortBy=popularity&apiKey=445938e7b4214f4988780151868665cc"
BTG,Bitcoin Gold,"BTG, Bitcoin Gold",BTG,Bitcoin Gold,"https://newsapi.org/v2/everything?language=en&q=(BTG)AND(""Bitcoin Gold"")&from=2018-10-01&to=2018-11-05&sortBy=popularity&apiKey=445938e7b4214f4988780151868665cc"
ZRX,Ox,"ZRX, Ox",ZRX,Ox,"https://newsapi.org/v2/everything?language=en&q=(ZRX)AND(""Ox"")&from=2018-10-01&to=2018-11-05&sortBy=popularity&apiKey=445938e7b4214f4988780151868665cc"
SC,Siacoin,"SC, Siacoin",SC,Siacoin,"https://newsapi.org/v2/everything?language=en&q=(SC)AND(""Siacoin"")&from=2018-10-01&to=2018-11-05&sortBy=popularity&apiKey=445938e7b4214f4988780151868665cc"
BTM,Bytom,"BTM, Bytom",BTM,Bytom,"https://newsapi.org/v2/everything?language=en&q=(BTM)AND(""Bytom"")&from=2018-10-01&to=2018-11-05&sortBy=popularity&apiKey=445938e7b4214f4988780151868665cc"
STEEM,Steem,"STEEM, Steem",STEEM,Steem,"https://newsapi.org/v2/everything?language=en&q=(STEEM)AND(""Steem"")&from=2018-10-01&to=2018-11-05&sortBy=popularity&apiKey=445938e7b4214f4988780151868665cc"
XVG,VERGE,"XVG, VERGE",XVG,VERGE,"https://newsapi.org/v2/everything?language=en&q=(XVG)AND(""VERGE"")&from=2018-10-01&to=2018-11-05&sortBy=popularity&apiKey=445938e7b4214f4988780151868665cc"
BTS,BitShares,"BTS, BitShares",BTS,BitShares,"https://newsapi.org/v2/everything?language=en&q=(BTS)AND(""BitShares"")&from=2018-10-01&to=2018-11-05&sortBy=popularity&apiKey=445938e7b4214f4988780151868665cc"
NANO,Nano,"NANO, Crypto",NANO,Crypto,"https://newsapi.org/v2/everything?language=en&q=(NANO)AND(""Crypto"")&from=2018-10-01&to=2018-11-05&sortBy=popularity&apiKey=445938e7b4214f4988780151868665cc"
WAVES,Waves,"WAVES, Crypto",WAVES,Crypto,"https://newsapi.org/v2/everything?language=en&q=(WAVES)AND(""Crypto"")&from=2018-10-01&to=2018-11-05&sortBy=popularity&apiKey=445938e7b4214f4988780151868665cc"
MKR,Maker,"MKR, Maker",MKR,Maker,"https://newsapi.org/v2/everything?language=en&q=(MKR)AND(""Maker"")&from=2018-10-01&to=2018-11-05&sortBy=popularity&apiKey=445938e7b4214f4988780151868665cc"
RHOC,RChain,"RHOC, RChain",RHOC,RChain,"https://newsapi.org/v2/everything?language=en&q=(RHOC)AND(""RChain"")&from=2018-10-01&to=2018-11-05&sortBy=popularity&apiKey=445938e7b4214f4988780151868665cc"
WAN,Wanchain,"WAN, Wanchain",WAN,Wanchain,"https://newsapi.org/v2/everything?language=en&q=(WAN)AND(""Wanchain"")&from=2018-10-01&to=2018-11-05&sortBy=popularity&apiKey=445938e7b4214f4988780151868665cc"
GNT,Golem,"GNT, Golem",GNT,Golem,"https://newsapi.org/v2/everything?language=en&q=(GNT)AND(""Golem"")&from=2018-10-01&to=2018-11-05&sortBy=popularity&apiKey=445938e7b4214f4988780151868665cc"
BCD,Bitcoin Diamond,"BCD, Bitcoin Diamond",BCD,Bitcoin Diamond,"https://newsapi.org/v2/everything?language=en&q=(BCD)AND(""Bitcoin Diamond"")&from=2018-10-01&to=2018-11-05&sortBy=popularity&apiKey=445938e7b4214f4988780151868665cc"
STRAT,Stratis,"STRAT, Stratis",STRAT,Stratis,"https://newsapi.org/v2/everything?language=en&q=(STRAT)AND(""Stratis"")&from=2018-10-01&to=2018-11-05&sortBy=popularity&apiKey=445938e7b4214f4988780151868665cc"
DOGE,Dogecoin ,"DOGE, Dogecoin ",DOGE,Dogecoin ,"https://newsapi.org/v2/everything?language=en&q=(DOGE)AND(""Dogecoin "")&from=2018-10-01&to=2018-11-05&sortBy=popularity&apiKey=445938e7b4214f4988780151868665cc"
REP,Augur,"REP, Augur",REP,Augur,"https://newsapi.org/v2/everything?language=en&q=(REP)AND(""Augur"")&from=2018-10-01&to=2018-11-05&sortBy=popularity&apiKey=445938e7b4214f4988780151868665cc"
PPT,Populous,"PPT, Populous",PPT,Populous,"https://newsapi.org/v2/everything?language=en&q=(PPT)AND(""Populous"")&from=2018-10-01&to=2018-11-05&sortBy=popularity&apiKey=445938e7b4214f4988780151868665cc"
BTCP,Bitcoin Private,"BTCP, Bitcoin Private",BTCP,Bitcoin Private,"https://newsapi.org/v2/everything?language=en&q=(BTCP)AND(""Bitcoin Private"")&from=2018-10-01&to=2018-11-05&sortBy=popularity&apiKey=445938e7b4214f4988780151868665cc"
WTC,Waltonchain,"WTC, Waltonchain",WTC,Waltonchain,"https://newsapi.org/v2/everything?language=en&q=(WTC)AND(""Waltonchain"")&from=2018-10-01&to=2018-11-05&sortBy=popularity&apiKey=445938e7b4214f4988780151868665cc"
XIN,Mixin,"XIN, Mixin",XIN,Mixin,"https://newsapi.org/v2/everything?language=en&q=(XIN)AND(""Mixin"")&from=2018-10-01&to=2018-11-05&sortBy=popularity&apiKey=445938e7b4214f4988780151868665cc"
DGB,DigiByte,"DGB, DigiByte",DGB,DigiByte,"https://newsapi.org/v2/everything?language=en&q=(DGB)AND(""DigiByte"")&from=2018-10-01&to=2018-11-05&sortBy=popularity&apiKey=445938e7b4214f4988780151868665cc"
IOST,IOST,"IOST, IOST",IOST,IOST,"https://newsapi.org/v2/everything?language=en&q=(IOST)AND(""IOST"")&from=2018-10-01&to=2018-11-05&sortBy=popularity&apiKey=445938e7b4214f4988780151868665cc"
SNT,Status,"SNT, Status",SNT,Status,"https://newsapi.org/v2/everything?language=en&q=(SNT)AND(""Status"")&from=2018-10-01&to=2018-11-05&sortBy=popularity&apiKey=445938e7b4214f4988780151868665cc"
DGD,DigixDAO,"DGD, DigixDAO",DGD,DigixDAO,"https://newsapi.org/v2/everything?language=en&q=(DGD)AND(""DigixDAO"")&from=2018-10-01&to=2018-11-05&sortBy=popularity&apiKey=445938e7b4214f4988780151868665cc"
WICC,WaykiChain,"WICC, WaykiChain",WICC,WaykiChain,"https://newsapi.org/v2/everything?language=en&q=(WICC)AND(""WaykiChain"")&from=2018-10-01&to=2018-11-05&sortBy=popularity&apiKey=445938e7b4214f4988780151868665cc"
HSR,Hshare,"HSR, Hshare",HSR,Hshare,"https://newsapi.org/v2/everything?language=en&q=(HSR)AND(""Hshare"")&from=2018-10-01&to=2018-11-05&sortBy=popularity&apiKey=445938e7b4214f4988780151868665cc"
NAS,Nebulas,"NAS, Nebulas",NAS,Nebulas,"https://newsapi.org/v2/everything?language=en&q=(NAS)AND(""Nebulas"")&from=2018-10-01&to=2018-11-05&sortBy=popularity&apiKey=445938e7b4214f4988780151868665cc"
AION,Aion,"AION, Aion",AION,Aion,"https://newsapi.org/v2/everything?language=en&q=(AION)AND(""Aion"")&from=2018-10-01&to=2018-11-05&sortBy=popularity&apiKey=445938e7b4214f4988780151868665cc"
LRC,Loopring,"LRC, Loopring",LRC,Loopring,"https://newsapi.org/v2/everything?language=en&q=(LRC)AND(""Loopring"")&from=2018-10-01&to=2018-11-05&sortBy=popularity&apiKey=445938e7b4214f4988780151868665cc"
HT,Huobi Token,"HT, Huobi Token",HT,Huobi Token,"https://newsapi.org/v2/everything?language=en&q=(HT)AND(""Huobi Token"")&from=2018-10-01&to=2018-11-05&sortBy=popularity&apiKey=445938e7b4214f4988780151868665cc"
BAT,Basic Attention Token,"BAT, Basic Attention Token",BAT,Basic Attention Token,"https://newsapi.org/v2/everything?language=en&q=(BAT)AND(""Basic Attention Token"")&from=2018-10-01&to=2018-11-05&sortBy=popularity&apiKey=445938e7b4214f4988780151868665cc"
ELF,aelf,"ELF, aelf",ELF,aelf,"https://newsapi.org/v2/everything?language=en&q=(ELF)AND(""aelf"")&from=2018-10-01&to=2018-11-05&sortBy=popularity&apiKey=445938e7b4214f4988780151868665cc"
KMD,Komodo,"KMD, Komodo",KMD,Komodo,"https://newsapi.org/v2/everything?language=en&q=(KMD)AND(""Komodo"")&from=2018-10-01&to=2018-11-05&sortBy=popularity&apiKey=445938e7b4214f4988780151868665cc"
ARK,Ark,"ARK, Crypto",ARK,Crypto,"https://newsapi.org/v2/everything?language=en&q=(ARK)AND(""Crypto"")&from=2018-10-01&to=2018-11-05&sortBy=popularity&apiKey=445938e7b4214f4988780151868665cc"
GXS,GXChain,"GXS, GXChain",GXS,GXChain,"https://newsapi.org/v2/everything?language=en&q=(GXS)AND(""GXChain"")&from=2018-10-01&to=2018-11-05&sortBy=popularity&apiKey=445938e7b4214f4988780151868665cc"
ARDR,Ardor,"ARDR, Ardor",ARDR,Ardor,"https://newsapi.org/v2/everything?language=en&q=(ARDR)AND(""Ardor"")&from=2018-10-01&to=2018-11-05&sortBy=popularity&apiKey=445938e7b4214f4988780151868665cc"
ELA,Elastos,"ELA, Elastos",ELA,Elastos,"https://newsapi.org/v2/everything?language=en&q=(ELA)AND(""Elastos"")&from=2018-10-01&to=2018-11-05&sortBy=popularity&apiKey=445938e7b4214f4988780151868665cc"
BNT,Bancor,"BNT, Bancor",BNT,Bancor,"https://newsapi.org/v2/everything?language=en&q=(BNT)AND(""Bancor"")&from=2018-10-01&to=2018-11-05&sortBy=popularity&apiKey=445938e7b4214f4988780151868665cc"
MAID,MaidSafeCoin,"MAID, MaidSafeCoin",MAID,MaidSafeCoin,"https://newsapi.org/v2/everything?language=en&q=(MAID)AND(""MaidSafeCoin"")&from=2018-10-01&to=2018-11-05&sortBy=popularity&apiKey=445938e7b4214f4988780151868665cc"
CMT,CyberMiles,"CMT, CyberMiles",CMT,CyberMiles,"https://newsapi.org/v2/everything?language=en&q=(CMT)AND(""CyberMiles"")&from=2018-10-01&to=2018-11-05&sortBy=popularity&apiKey=445938e7b4214f4988780151868665cc"
MOAC,MOAC,"MOAC, MOAC",MOAC,MOAC,"https://newsapi.org/v2/everything?language=en&q=(MOAC)AND(""MOAC"")&from=2018-10-01&to=2018-11-05&sortBy=popularity&apiKey=445938e7b4214f4988780151868665cc"
SKY,Skycoin,"SKY, Skycoin",SKY,Skycoin,"https://newsapi.org/v2/everything?language=en&q=(SKY)AND(""Skycoin"")&from=2018-10-01&to=2018-11-05&sortBy=popularity&apiKey=445938e7b4214f4988780151868665cc"
PIVX,PIVX,"PIVX, Crypto",PIVX,Crypto,"https://newsapi.org/v2/everything?language=en&q=(PIVX)AND(""Crypto"")&from=2018-10-01&to=2018-11-05&sortBy=popularity&apiKey=445938e7b4214f4988780151868665cc"
CNX,Cryptonex,"CNX, Cryptonex",CNX,Cryptonex,"https://newsapi.org/v2/everything?language=en&q=(CNX)AND(""Cryptonex"")&from=2018-10-01&to=2018-11-05&sortBy=popularity&apiKey=445938e7b4214f4988780151868665cc"
DCN,Dentacoin,"DCN, Dentacoin",DCN,Dentacoin,"https://newsapi.org/v2/everything?language=en&q=(DCN)AND(""Dentacoin"")&from=2018-10-01&to=2018-11-05&sortBy=popularity&apiKey=445938e7b4214f4988780151868665cc"
GAS,Gas,"GAS, Ethereum",GAS,Ethereum,"https://newsapi.org/v2/everything?language=en&q=(GAS)AND(""Ethereum"")&from=2018-10-01&to=2018-11-05&sortBy=popularity&apiKey=445938e7b4214f4988780151868665cc"
MONA,MonaCoin,"MONA, MonaCoin",MONA,MonaCoin,"https://newsapi.org/v2/everything?language=en&q=(MONA)AND(""MonaCoin"")&from=2018-10-01&to=2018-11-05&sortBy=popularity&apiKey=445938e7b4214f4988780151868665cc"
RDD,ReddCoin,"RDD, ReddCoin",RDD,ReddCoin,"https://newsapi.org/v2/everything?language=en&q=(RDD)AND(""ReddCoin"")&from=2018-10-01&to=2018-11-05&sortBy=popularity&apiKey=445938e7b4214f4988780151868665cc"
CTXC,Cortex,"CTXC, Cortex",CTXC,Cortex,"https://newsapi.org/v2/everything?language=en&q=(CTXC)AND(""Cortex"")&from=2018-10-01&to=2018-11-05&sortBy=popularity&apiKey=445938e7b4214f4988780151868665cc"
KNC,Kyber Network,"KNC, Kyber Network",KNC,Kyber Network,"https://newsapi.org/v2/everything?language=en&q=(KNC)AND(""Kyber Network"")&from=2018-10-01&to=2018-11-05&sortBy=popularity&apiKey=445938e7b4214f4988780151868665cc"
ETHOS,Ethos,"ETHOS, Crypto",ETHOS,Crypto,"https://newsapi.org/v2/everything?language=en&q=(ETHOS)AND(""Crypto"")&from=2018-10-01&to=2018-11-05&sortBy=popularity&apiKey=445938e7b4214f4988780151868665cc"
SYS,Syscoin,"SYS, Syscoin",SYS,Syscoin,"https://newsapi.org/v2/everything?language=en&q=(SYS)AND(""Syscoin"")&from=2018-10-01&to=2018-11-05&sortBy=popularity&apiKey=445938e7b4214f4988780151868665cc"
LOOM,Loom Network,"LOOM, Loom Network",LOOM,Loom Network,"https://newsapi.org/v2/everything?language=en&q=(LOOM)AND(""Loom Network"")&from=2018-10-01&to=2018-11-05&sortBy=popularity&apiKey=445938e7b4214f4988780151868665cc"
POLY,Polymath,"POLY, Polymath",POLY,Polymath,"https://newsapi.org/v2/everything?language=en&q=(POLY)AND(""Polymath"")&from=2018-10-01&to=2018-11-05&sortBy=popularity&apiKey=445938e7b4214f4988780151868665cc"
MITH,Mithril,"MITH, Mithril",MITH,Mithril,"https://newsapi.org/v2/everything?language=en&q=(MITH)AND(""Mithril"")&from=2018-10-01&to=2018-11-05&sortBy=popularity&apiKey=445938e7b4214f4988780151868665cc"
QASH,QASH,"QASH, QASH",QASH,QASH,"https://newsapi.org/v2/everything?language=en&q=(QASH)AND(""QASH"")&from=2018-10-01&to=2018-11-05&sortBy=popularity&apiKey=445938e7b4214f4988780151868665cc"
FSN,Fusion,"FSN, Fusion",FSN,Fusion,"https://newsapi.org/v2/everything?language=en&q=(FSN)AND(""Fusion"")&from=2018-10-01&to=2018-11-05&sortBy=popularity&apiKey=445938e7b4214f4988780151868665cc"
FUN,FunFair,"FUN, FunFair",FUN,FunFair,"https://newsapi.org/v2/everything?language=en&q=(FUN)AND(""FunFair"")&from=2018-10-01&to=2018-11-05&sortBy=popularity&apiKey=445938e7b4214f4988780151868665cc"
BIX,Bibox Token,"BIX, Bibox Token",BIX,Bibox Token,"https://newsapi.org/v2/everything?language=en&q=(BIX)AND(""Bibox Token"")&from=2018-10-01&to=2018-11-05&sortBy=popularity&apiKey=445938e7b4214f4988780151868665cc"
CENNZ,Centrality,"CENNZ, Centrality",CENNZ,Centrality,"https://newsapi.org/v2/everything?language=en&q=(CENNZ)AND(""Centrality"")&from=2018-10-01&to=2018-11-05&sortBy=popularity&apiKey=445938e7b4214f4988780151868665cc"
THETA,Theta Token,"THETA, Theta Token",THETA,Theta Token,"https://newsapi.org/v2/everything?language=en&q=(THETA)AND(""Theta Token"")&from=2018-10-01&to=2018-11-05&sortBy=popularity&apiKey=445938e7b4214f4988780151868665cc"
ENG,Enigma,"ENG, Crypto",ENG,Crypto,"https://newsapi.org/v2/everything?language=en&q=(ENG)AND(""Crypto"")&from=2018-10-01&to=2018-11-05&sortBy=popularity&apiKey=445938e7b4214f4988780151868665cc"
NULS,Nuls,"NULS, Nuls",NULS,Nuls,"https://newsapi.org/v2/everything?language=en&q=(NULS)AND(""Nuls"")&from=2018-10-01&to=2018-11-05&sortBy=popularity&apiKey=445938e7b4214f4988780151868665cc"
VERI,Veritaseum,"VERI, Veritaseum",VERI,Veritaseum,"https://newsapi.org/v2/everything?language=en&q=(VERI)AND(""Veritaseum"")&from=2018-10-01&to=2018-11-05&sortBy=popularity&apiKey=445938e7b4214f4988780151868665cc"
SUB,Substratum,"SUB, Substratum",SUB,Substratum,"https://newsapi.org/v2/everything?language=en&q=(SUB)AND(""Substratum"")&from=2018-10-01&to=2018-11-05&sortBy=popularity&apiKey=445938e7b4214f4988780151868665cc"
ETN,Electroneum,"ETN, Electroneum",ETN,Electroneum,"https://newsapi.org/v2/everything?language=en&q=(ETN)AND(""Electroneum"")&from=2018-10-01&to=2018-11-05&sortBy=popularity&apiKey=445938e7b4214f4988780151868665cc"
XZC,ZCoin,"XZC, ZCoin",XZC,ZCoin,"https://newsapi.org/v2/everything?language=en&q=(XZC)AND(""ZCoin"")&from=2018-10-01&to=2018-11-05&sortBy=popularity&apiKey=445938e7b4214f4988780151868665cc"
NXT,Nxt,"NXT, Crypto",NXT,Crypto,"https://newsapi.org/v2/everything?language=en&q=(NXT)AND(""Crypto"")&from=2018-10-01&to=2018-11-05&sortBy=popularity&apiKey=445938e7b4214f4988780151868665cc"
DRGN,Dragonchain,"DRGN, Dragonchain",DRGN,Dragonchain,"https://newsapi.org/v2/everything?language=en&q=(DRGN)AND(""Dragonchain"")&from=2018-10-01&to=2018-11-05&sortBy=popularity&apiKey=445938e7b4214f4988780151868665cc"
SOC,All Sports,"SOC, All Sports",SOC,All Sports,"https://newsapi.org/v2/everything?language=en&q=(SOC)AND(""All Sports"")&from=2018-10-01&to=2018-11-05&sortBy=popularity&apiKey=445938e7b4214f4988780151868665cc"
DROP,Dropil,"DROP, Dropil",DROP,Dropil,"https://newsapi.org/v2/everything?language=en&q=(DROP)AND(""Dropil"")&from=2018-10-01&to=2018-11-05&sortBy=popularity&apiKey=445938e7b4214f4988780151868665cc"
HOT,Holo,"HOT, Holo",HOT,Holo,"https://newsapi.org/v2/everything?language=en&q=(HOT)AND(""Holo"")&from=2018-10-01&to=2018-11-05&sortBy=popularity&apiKey=445938e7b4214f4988780151868665cc"
DDD,Scry.info,"DDD, Scry.info",DDD,Scry.info,"https://newsapi.org/v2/everything?language=en&q=(DDD)AND(""Scry.info"")&from=2018-10-01&to=2018-11-05&sortBy=popularity&apiKey=445938e7b4214f4988780151868665cc"
FCT,Factom,"FCT, Factom",FCT,Factom,"https://newsapi.org/v2/everything?language=en&q=(FCT)AND(""Factom"")&from=2018-10-01&to=2018-11-05&sortBy=popularity&apiKey=445938e7b4214f4988780151868665cc"
STORM,Storm,"STORM, Crypto",STORM,Crypto,"https://newsapi.org/v2/everything?language=en&q=(STORM)AND(""Crypto"")&from=2018-10-01&to=2018-11-05&sortBy=popularity&apiKey=445938e7b4214f4988780151868665cc"
BFT,BnkToTheFuture,"BFT, BnkToTheFuture",BFT,BnkToTheFuture,"https://newsapi.org/v2/everything?language=en&q=(BFT)AND(""BnkToTheFuture"")&from=2018-10-01&to=2018-11-05&sortBy=popularity&apiKey=445938e7b4214f4988780151868665cc"
KIN,Kin,"KIN, Crypto",KIN,Crypto,"https://newsapi.org/v2/everything?language=en&q=(KIN)AND(""Crypto"")&from=2018-10-01&to=2018-11-05&sortBy=popularity&apiKey=445938e7b4214f4988780151868665cc"
DBC,DeepBrain Chain,"DBC, DeepBrain Chain",DBC,DeepBrain Chain,"https://newsapi.org/v2/everything?language=en&q=(DBC)AND(""DeepBrain Chain"")&from=2018-10-01&to=2018-11-05&sortBy=popularity&apiKey=445938e7b4214f4988780151868665cc"
POWR,Power Ledger,"POWR, Power Ledger",POWR,Power Ledger,"https://newsapi.org/v2/everything?language=en&q=(POWR)AND(""Power Ledger"")&from=2018-10-01&to=2018-11-05&sortBy=popularity&apiKey=445938e7b4214f4988780151868665cc"
NXS,Nexus,"NXS, Crypto",NXS,Crypto,"https://newsapi.org/v2/everything?language=en&q=(NXS)AND(""Crypto"")&from=2018-10-01&to=2018-11-05&sortBy=popularity&apiKey=445938e7b4214f4988780151868665cc"
GTO,Gifto,"GTO, Gifto",GTO,Gifto,"https://newsapi.org/v2/everything?language=en&q=(GTO)AND(""Gifto"")&from=2018-10-01&to=2018-11-05&sortBy=popularity&apiKey=445938e7b4214f4988780151868665cc"
MAN,Matrix AI Network,"MAN, Matrix AI Network",MAN,Matrix AI Network,"https://newsapi.org/v2/everything?language=en&q=(MAN)AND(""Matrix AI Network"")&from=2018-10-01&to=2018-11-05&sortBy=popularity&apiKey=445938e7b4214f4988780151868665cc"
BLOCK,Blocknet,"BLOCK, Blocknet",BLOCK,Blocknet,"https://newsapi.org/v2/everything?language=en&q=(BLOCK)AND(""Blocknet"")&from=2018-10-01&to=2018-11-05&sortBy=popularity&apiKey=445938e7b4214f4988780151868665cc"
WAX,WAX,"WAX, Crypto",WAX,Crypto,"https://newsapi.org/v2/everything?language=en&q=(WAX)AND(""Crypto"")&from=2018-10-01&to=2018-11-05&sortBy=popularity&apiKey=445938e7b4214f4988780151868665cc"
SALT,SALT,"SALT, Crypto",SALT,Crypto,"https://newsapi.org/v2/everything?language=en&q=(SALT)AND(""Crypto"")&from=2018-10-01&to=2018-11-05&sortBy=popularity&apiKey=445938e7b4214f4988780151868665cc"
RLC,iExec RLC,"RLC, iExec RLC",RLC,iExec RLC,"https://newsapi.org/v2/everything?language=en&q=(RLC)AND(""iExec RLC"")&from=2018-10-01&to=2018-11-05&sortBy=popularity&apiKey=445938e7b4214f4988780151868665cc"
MANA,Decentraland,"MANA, Decentraland",MANA,Decentraland,"https://newsapi.org/v2/everything?language=en&q=(MANA)AND(""Decentraland"")&from=2018-10-01&to=2018-11-05&sortBy=popularity&apiKey=445938e7b4214f4988780151868665cc"
HPB,High Performance Blockchain,"HPB, High Performance Blockchain",HPB,High Performance Blockchain,"https://newsapi.org/v2/everything?language=en&q=(HPB)AND(""High Performance Blockchain"")&from=2018-10-01&to=2018-11-05&sortBy=popularity&apiKey=445938e7b4214f4988780151868665cc"
LINK,ChainLink,"LINK, ChainLink",LINK,ChainLink,"https://newsapi.org/v2/everything?language=en&q=(LINK)AND(""ChainLink"")&from=2018-10-01&to=2018-11-05&sortBy=popularity&apiKey=445938e7b4214f4988780151868665cc"
MCO,Monaco,"MCO, Monaco",MCO,Monaco,"https://newsapi.org/v2/everything?language=en&q=(MCO)AND(""Monaco"")&from=2018-10-01&to=2018-11-05&sortBy=popularity&apiKey=445938e7b4214f4988780151868665cc"
EMC,Emercoin,"EMC, Emercoin",EMC,Emercoin,"https://newsapi.org/v2/everything?language=en&q=(EMC)AND(""Emercoin"")&from=2018-10-01&to=2018-11-05&sortBy=popularity&apiKey=445938e7b4214f4988780151868665cc"
STORJ,Storj,"STORJ, Storj",STORJ,Storj,"https://newsapi.org/v2/everything?language=en&q=(STORJ)AND(""Storj"")&from=2018-10-01&to=2018-11-05&sortBy=popularity&apiKey=445938e7b4214f4988780151868665cc"
TRUE,True Chain,"TRUE, True Chain",TRUE,True Chain,"https://newsapi.org/v2/everything?language=en&q=(TRUE)AND(""True Chain"")&from=2018-10-01&to=2018-11-05&sortBy=popularity&apiKey=445938e7b4214f4988780151868665cc"
CVC,Civic,"CVC, Civic",CVC,Civic,"https://newsapi.org/v2/everything?language=en&q=(CVC)AND(""Civic"")&from=2018-10-01&to=2018-11-05&sortBy=popularity&apiKey=445938e7b4214f4988780151868665cc"
ACT,Achain,"ACT, Achain",ACT,Achain,"https://newsapi.org/v2/everything?language=en&q=(ACT)AND(""Achain"")&from=2018-10-01&to=2018-11-05&sortBy=popularity&apiKey=445938e7b4214f4988780151868665cc"
EOSDAC,eosDAC,"EOSDAC, eosDAC",EOSDAC,eosDAC,"https://newsapi.org/v2/everything?language=en&q=(EOSDAC)AND(""eosDAC"")&from=2018-10-01&to=2018-11-05&sortBy=popularity&apiKey=445938e7b4214f4988780151868665cc"
PAYX,Paypex,"PAYX, Paypex",PAYX,Paypex,"https://newsapi.org/v2/everything?language=en&q=(PAYX)AND(""Paypex"")&from=2018-10-01&to=2018-11-05&sortBy=popularity&apiKey=445938e7b4214f4988780151868665cc"
NEBL,Neblio,"NEBL, Neblio",NEBL,Neblio,"https://newsapi.org/v2/everything?language=en&q=(NEBL)AND(""Neblio"")&from=2018-10-01&to=2018-11-05&sortBy=popularity&apiKey=445938e7b4214f4988780151868665cc"
PAY,TenX,"PAY, TenX",PAY,TenX,"https://newsapi.org/v2/everything?language=en&q=(PAY)AND(""TenX"")&from=2018-10-01&to=2018-11-05&sortBy=popularity&apiKey=445938e7b4214f4988780151868665cc"
ZEN,ZenCash,"ZEN, ZenCash",ZEN,ZenCash,"https://newsapi.org/v2/everything?language=en&q=(ZEN)AND(""ZenCash"")&from=2018-10-01&to=2018-11-05&sortBy=popularity&apiKey=445938e7b4214f4988780151868665cc"
GBYTE,Byteball Bytes,"GBYTE, Byteball Bytes",GBYTE,Byteball Bytes,"https://newsapi.org/v2/everything?language=en&q=(GBYTE)AND(""Byteball Bytes"")&from=2018-10-01&to=2018-11-05&sortBy=popularity&apiKey=445938e7b4214f4988780151868665cc"
NEXO,Nexo,"NEXO, Nexo",NEXO,Nexo,"https://newsapi.org/v2/everything?language=en&q=(NEXO)AND(""Nexo"")&from=2018-10-01&to=2018-11-05&sortBy=popularity&apiKey=445938e7b4214f4988780151868665cc"
BTCD,BitcoinDark,"BTCD, BitcoinDark",BTCD,BitcoinDark,"https://newsapi.org/v2/everything?language=en&q=(BTCD)AND(""BitcoinDark"")&from=2018-10-01&to=2018-11-05&sortBy=popularity&apiKey=445938e7b4214f4988780151868665cc"
DENT,Dent,"DENT, Crypto",DENT,Crypto,"https://newsapi.org/v2/everything?language=en&q=(DENT)AND(""Crypto"")&from=2018-10-01&to=2018-11-05&sortBy=popularity&apiKey=445938e7b4214f4988780151868665cc"
QSP,Quantstamp,"QSP, Quantstamp",QSP,Quantstamp,"https://newsapi.org/v2/everything?language=en&q=(QSP)AND(""Quantstamp"")&from=2018-10-01&to=2018-11-05&sortBy=popularity&apiKey=445938e7b4214f4988780151868665cc"
NCASH,Nucleus Vision,"NCASH, Nucleus Vision",NCASH,Nucleus Vision,"https://newsapi.org/v2/everything?language=en&q=(NCASH)AND(""Nucleus Vision"")&from=2018-10-01&to=2018-11-05&sortBy=popularity&apiKey=445938e7b4214f4988780151868665cc"
XAS,Asch,"XAS, Asch",XAS,Asch,"https://newsapi.org/v2/everything?language=en&q=(XAS)AND(""Asch"")&from=2018-10-01&to=2018-11-05&sortBy=popularity&apiKey=445938e7b4214f4988780151868665cc"
R,Revain,"R, Revain",R,Revain,"https://newsapi.org/v2/everything?language=en&q=(R)AND(""Revain"")&from=2018-10-01&to=2018-11-05&sortBy=popularity&apiKey=445938e7b4214f4988780151868665cc"
SMART,SmartCash,"SMART, SmartCash",SMART,SmartCash,"https://newsapi.org/v2/everything?language=en&q=(SMART)AND(""SmartCash"")&from=2018-10-01&to=2018-11-05&sortBy=popularity&apiKey=445938e7b4214f4988780151868665cc"
ICN,Iconomi,"ICN, Iconomi",ICN,Iconomi,"https://newsapi.org/v2/everything?language=en&q=(ICN)AND(""Iconomi"")&from=2018-10-01&to=2018-11-05&sortBy=popularity&apiKey=445938e7b4214f4988780151868665cc"
AGI,SingularityNET,"AGI, SingularityNET",AGI,SingularityNET,"https://newsapi.org/v2/everything?language=en&q=(AGI)AND(""SingularityNET"")&from=2018-10-01&to=2018-11-05&sortBy=popularity&apiKey=445938e7b4214f4988780151868665cc"
TNB,Time New Bank,"TNB, Time New Bank",TNB,Time New Bank,"https://newsapi.org/v2/everything?language=en&q=(TNB)AND(""Time New Bank"")&from=2018-10-01&to=2018-11-05&sortBy=popularity&apiKey=445938e7b4214f4988780151868665cc"
REQ,Request Network,"REQ, Request Network",REQ,Request Network,"https://newsapi.org/v2/everything?language=en&q=(REQ)AND(""Request Network"")&from=2018-10-01&to=2018-11-05&sortBy=popularity&apiKey=445938e7b4214f4988780151868665cc"
CND,Cindicator,"CND, Cindicator",CND,Cindicator,"https://newsapi.org/v2/everything?language=en&q=(CND)AND(""Cindicator"")&from=2018-10-01&to=2018-11-05&sortBy=popularity&apiKey=445938e7b4214f4988780151868665cc"
IHT,IHT Real Estate,"IHT, IHT Real Estate",IHT,IHT Real Estate,"https://newsapi.org/v2/everything?language=en&q=(IHT)AND(""IHT Real Estate"")&from=2018-10-01&to=2018-11-05&sortBy=popularity&apiKey=445938e7b4214f4988780151868665cc"
LYM,Lympo,"LYM, Lympo",LYM,Lympo,"https://newsapi.org/v2/everything?language=en&q=(LYM)AND(""Lympo"")&from=2018-10-01&to=2018-11-05&sortBy=popularity&apiKey=445938e7b4214f4988780151868665cc"
RUFF,Ruff,"RUFF, Bitcoin",RUFF,Bitcoin,"https://newsapi.org/v2/everything?language=en&q=(RUFF)AND(""Bitcoin"")&from=2018-10-01&to=2018-11-05&sortBy=popularity&apiKey=445938e7b4214f4988780151868665cc"
ABT,Arcblock,"ABT, Arcblock",ABT,Arcblock,"https://newsapi.org/v2/everything?language=en&q=(ABT)AND(""Arcblock"")&from=2018-10-01&to=2018-11-05&sortBy=popularity&apiKey=445938e7b4214f4988780151868665cc"
DPY,Delphy,"DPY, Delphy",DPY,Delphy,"https://newsapi.org/v2/everything?language=en&q=(DPY)AND(""Delphy"")&from=2018-10-01&to=2018-11-05&sortBy=popularity&apiKey=445938e7b4214f4988780151868665cc"
ANT,Aragon,"ANT, Aragon",ANT,Aragon,"https://newsapi.org/v2/everything?language=en&q=(ANT)AND(""Aragon"")&from=2018-10-01&to=2018-11-05&sortBy=popularity&apiKey=445938e7b4214f4988780151868665cc"
ENJ,Enjin Coin,"ENJ, Enjin Coin",ENJ,Enjin Coin,"https://newsapi.org/v2/everything?language=en&q=(ENJ)AND(""Enjin Coin"")&from=2018-10-01&to=2018-11-05&sortBy=popularity&apiKey=445938e7b4214f4988780151868665cc"
BLZ,Bluzelle,"BLZ, Bluzelle",BLZ,Bluzelle,"https://newsapi.org/v2/everything?language=en&q=(BLZ)AND(""Bluzelle"")&from=2018-10-01&to=2018-11-05&sortBy=popularity&apiKey=445938e7b4214f4988780151868665cc"
GTC,Game.com,"GTC, Game.com",GTC,Game.com,"https://newsapi.org/v2/everything?language=en&q=(GTC)AND(""Game.com"")&from=2018-10-01&to=2018-11-05&sortBy=popularity&apiKey=445938e7b4214f4988780151868665cc"
GNO,Gnosis,"GNO, Gnosis",GNO,Gnosis,"https://newsapi.org/v2/everything?language=en&q=(GNO)AND(""Gnosis"")&from=2018-10-01&to=2018-11-05&sortBy=popularity&apiKey=445938e7b4214f4988780151868665cc"
DATA,Streamr DATAcoin,"DATA, Streamr DATAcoin",DATA,Streamr DATAcoin,"https://newsapi.org/v2/everything?language=en&q=(DATA)AND(""Streamr DATAcoin"")&from=2018-10-01&to=2018-11-05&sortBy=popularity&apiKey=445938e7b4214f4988780151868665cc"
POA,POA Network,"POA, POA Network",POA,POA Network,"https://newsapi.org/v2/everything?language=en&q=(POA)AND(""POA Network"")&from=2018-10-01&to=2018-11-05&sortBy=popularity&apiKey=445938e7b4214f4988780151868665cc"
SAN,Santiment Network Token,"SAN, Santiment Network Token",SAN,Santiment Network Token,"https://newsapi.org/v2/everything?language=en&q=(SAN)AND(""Santiment Network Token"")&from=2018-10-01&to=2018-11-05&sortBy=popularity&apiKey=445938e7b4214f4988780151868665cc"
MDS,MediShares,"MDS, MediShares",MDS,MediShares,"https://newsapi.org/v2/everything?language=en&q=(MDS)AND(""MediShares"")&from=2018-10-01&to=2018-11-05&sortBy=popularity&apiKey=445938e7b4214f4988780151868665cc"
PART,Particl,"PART, Bitcoin",PART,Bitcoin,"https://newsapi.org/v2/everything?language=en&q=(PART)AND(""Bitcoin"")&from=2018-10-01&to=2018-11-05&sortBy=popularity&apiKey=445938e7b4214f4988780151868665cc"
SMT,SmartMesh,"SMT, SmartMesh",SMT,SmartMesh,"https://newsapi.org/v2/everything?language=en&q=(SMT)AND(""SmartMesh"")&from=2018-10-01&to=2018-11-05&sortBy=popularity&apiKey=445938e7b4214f4988780151868665cc"
MTL,Metal,"MTL, Metal",MTL,Metal,"https://newsapi.org/v2/everything?language=en&q=(MTL)AND(""Metal"")&from=2018-10-01&to=2018-11-05&sortBy=popularity&apiKey=445938e7b4214f4988780151868665cc"
SRN,SIRIN LABS Token,"SRN, SIRIN LABS Token",SRN,SIRIN LABS Token,"https://newsapi.org/v2/everything?language=en&q=(SRN)AND(""SIRIN LABS Token"")&from=2018-10-01&to=2018-11-05&sortBy=popularity&apiKey=445938e7b4214f4988780151868665cc"
BTO,Bottos,"BTO, Bottos",BTO,Bottos,"https://newsapi.org/v2/everything?language=en&q=(BTO)AND(""Bottos"")&from=2018-10-01&to=2018-11-05&sortBy=popularity&apiKey=445938e7b4214f4988780151868665cc"
GRS,Groestlcoin,"GRS, Groestlcoin",GRS,Groestlcoin,"https://newsapi.org/v2/everything?language=en&q=(GRS)AND(""Groestlcoin"")&from=2018-10-01&to=2018-11-05&sortBy=popularity&apiKey=445938e7b4214f4988780151868665cc"
TKY,THEKEY,"TKY, THEKEY",TKY,THEKEY,"https://newsapi.org/v2/everything?language=en&q=(TKY)AND(""THEKEY"")&from=2018-10-01&to=2018-11-05&sortBy=popularity&apiKey=445938e7b4214f4988780151868665cc"
GAME,GameCredits,"GAME, GameCredits",GAME,GameCredits,"https://newsapi.org/v2/everything?language=en&q=(GAME)AND(""GameCredits"")&from=2018-10-01&to=2018-11-05&sortBy=popularity&apiKey=445938e7b4214f4988780151868665cc"
VTC,Vertcoin,"VTC, Vertcoin",VTC,Vertcoin,"https://newsapi.org/v2/everything?language=en&q=(VTC)AND(""Vertcoin"")&from=2018-10-01&to=2018-11-05&sortBy=popularity&apiKey=445938e7b4214f4988780151868665cc"
GNX,Genaro Network,"GNX, Genaro Network",GNX,Genaro Network,"https://newsapi.org/v2/everything?language=en&q=(GNX)AND(""Genaro Network"")&from=2018-10-01&to=2018-11-05&sortBy=popularity&apiKey=445938e7b4214f4988780151868665cc"
STQ,Storiqa,"STQ, Storiqa",STQ,Storiqa,"https://newsapi.org/v2/everything?language=en&q=(STQ)AND(""Storiqa"")&from=2018-10-01&to=2018-11-05&sortBy=popularity&apiKey=445938e7b4214f4988780151868665cc"
IGNIS,Ignis,"IGNIS, Crypto",IGNIS,Crypto,"https://newsapi.org/v2/everything?language=en&q=(IGNIS)AND(""Crypto"")&from=2018-10-01&to=2018-11-05&sortBy=popularity&apiKey=445938e7b4214f4988780151868665cc"
SPHTX,SophiaTX,"SPHTX, SophiaTX",SPHTX,SophiaTX,"https://newsapi.org/v2/everything?language=en&q=(SPHTX)AND(""SophiaTX"")&from=2018-10-01&to=2018-11-05&sortBy=popularity&apiKey=445938e7b4214f4988780151868665cc"
SNM,SONM,"SNM, SONM",SNM,SONM,"https://newsapi.org/v2/everything?language=en&q=(SNM)AND(""SONM"")&from=2018-10-01&to=2018-11-05&sortBy=popularity&apiKey=445938e7b4214f4988780151868665cc"
CVT,CyberVein,"CVT, CyberVein",CVT,CyberVein,"https://newsapi.org/v2/everything?language=en&q=(CVT)AND(""CyberVein"")&from=2018-10-01&to=2018-11-05&sortBy=popularity&apiKey=445938e7b4214f4988780151868665cc"
XDN,DigitalNote,"XDN, DigitalNote",XDN,DigitalNote,"https://newsapi.org/v2/everything?language=en&q=(XDN)AND(""DigitalNote"")&from=2018-10-01&to=2018-11-05&sortBy=popularity&apiKey=445938e7b4214f4988780151868665cc"
DTR,Dynamic Trading Rights,"DTR, Dynamic Trading Rights",DTR,Dynamic Trading Rights,"https://newsapi.org/v2/everything?language=en&q=(DTR)AND(""Dynamic Trading Rights"")&from=2018-10-01&to=2018-11-05&sortBy=popularity&apiKey=445938e7b4214f4988780151868665cc"
POE,Po.et,"POE, Po.et",POE,Po.et,"https://newsapi.org/v2/everything?language=en&q=(POE)AND(""Po.et"")&from=2018-10-01&to=2018-11-05&sortBy=popularity&apiKey=445938e7b4214f4988780151868665cc"
DEW,DEW,"DEW, Bitcoin",DEW,Bitcoin,"https://newsapi.org/v2/everything?language=en&q=(DEW)AND(""Bitcoin"")&from=2018-10-01&to=2018-11-05&sortBy=popularity&apiKey=445938e7b4214f4988780151868665cc"
PLR,Pillar,"PLR, Pillar",PLR,Pillar,"https://newsapi.org/v2/everything?language=en&q=(PLR)AND(""Pillar"")&from=2018-10-01&to=2018-11-05&sortBy=popularity&apiKey=445938e7b4214f4988780151868665cc"
RDN,Raiden Network,"RDN, Raiden Network",RDN,Raiden Network,"https://newsapi.org/v2/everything?language=en&q=(RDN)AND(""Raiden Network"")&from=2018-10-01&to=2018-11-05&sortBy=popularity&apiKey=445938e7b4214f4988780151868665cc"
BOS,BOScoin,"BOS, BOScoin",BOS,BOScoin,"https://newsapi.org/v2/everything?language=en&q=(BOS)AND(""BOScoin"")&from=2018-10-01&to=2018-11-05&sortBy=popularity&apiKey=445938e7b4214f4988780151868665cc"
VEE,BLOCKv,"VEE, BLOCKv",VEE,BLOCKv,"https://newsapi.org/v2/everything?language=en&q=(VEE)AND(""BLOCKv"")&from=2018-10-01&to=2018-11-05&sortBy=popularity&apiKey=445938e7b4214f4988780151868665cc"
CS,Credits,"CS, Credits, Bitcoin",CS,Credits Bitcoin,"https://newsapi.org/v2/everything?language=en&q=(CS)AND(""Credits Bitcoin"")&from=2018-10-01&to=2018-11-05&sortBy=popularity&apiKey=445938e7b4214f4988780151868665cc"
CRPT,Crypterium,"CRPT, Crypterium",CRPT,Crypterium,"https://newsapi.org/v2/everything?language=en&q=(CRPT)AND(""Crypterium"")&from=2018-10-01&to=2018-11-05&sortBy=popularity&apiKey=445938e7b4214f4988780151868665cc"
NKN,NKN,"NKN, Bitcoin",NKN,Bitcoin,"https://newsapi.org/v2/everything?language=en&q=(NKN)AND(""Bitcoin"")&from=2018-10-01&to=2018-11-05&sortBy=popularity&apiKey=445938e7b4214f4988780151868665cc"
GVT,Genesis Vision,"GVT, Genesis Vision",GVT,Genesis Vision,"https://newsapi.org/v2/everything?language=en&q=(GVT)AND(""Genesis Vision"")&from=2018-10-01&to=2018-11-05&sortBy=popularity&apiKey=445938e7b4214f4988780151868665cc"
NAV,NavCoin,"NAV, NavCoin",NAV,NavCoin,"https://newsapi.org/v2/everything?language=en&q=(NAV)AND(""NavCoin"")&from=2018-10-01&to=2018-11-05&sortBy=popularity&apiKey=445938e7b4214f4988780151868665cc"
ITC,IoT Chain,"ITC, IoT Chain",ITC,IoT Chain,"https://newsapi.org/v2/everything?language=en&q=(ITC)AND(""IoT Chain"")&from=2018-10-01&to=2018-11-05&sortBy=popularity&apiKey=445938e7b4214f4988780151868665cc"
AMB,Ambrosus,"AMB, Ambrosus",AMB,Ambrosus,"https://newsapi.org/v2/everything?language=en&q=(AMB)AND(""Ambrosus"")&from=2018-10-01&to=2018-11-05&sortBy=popularity&apiKey=445938e7b4214f4988780151868665cc"
DTA,DATA,"DTA, Crypto",DTA,Crypto,"https://newsapi.org/v2/everything?language=en&q=(DTA)AND(""DATA"")AND(""CRYPTO"")&from=2018-10-01&to=2018-11-05&sortBy=popularity&apiKey=445938e7b4214f4988780151868665cc"
UBQ,Ubiq,"UBQ, Ubiq",UBQ,Ubiq,"https://newsapi.org/v2/everything?language=en&q=(UBQ)AND(""Ubiq"")&from=2018-10-01&to=2018-11-05&sortBy=popularity&apiKey=445938e7b4214f4988780151868665cc"
TRAC,OriginTrail,"TRAC, OriginTrail",TRAC,OriginTrail,"https://newsapi.org/v2/everything?language=en&q=(TRAC)AND(""OriginTrail"")&from=2018-10-01&to=2018-11-05&sortBy=popularity&apiKey=445938e7b4214f4988780151868665cc"
C20,CRYPTO20,"C20, CRYPTO20",C20,CRYPTO20,"https://newsapi.org/v2/everything?language=en&q=(C20)AND(""CRYPTO20"")&from=2018-10-01&to=2018-11-05&sortBy=popularity&apiKey=445938e7b4214f4988780151868665cc"
TPAY,TokenPay,"TPAY, TokenPay",TPAY,TokenPay,"https://newsapi.org/v2/everything?language=en&q=(TPAY)AND(""TokenPay"")&from=2018-10-01&to=2018-11-05&sortBy=popularity&apiKey=445938e7b4214f4988780151868665cc"
INK,Ink,"INK, Bitcoin",INK,Bitcoin,"https://newsapi.org/v2/everything?language=en&q=(INK)AND(""Bitcoin"")&from=2018-10-01&to=2018-11-05&sortBy=popularity&apiKey=445938e7b4214f4988780151868665cc"
CPX,Apex,"CPX, Apex",CPX,Apex,"https://newsapi.org/v2/everything?language=en&q=(CPX)AND(""Apex"")&from=2018-10-01&to=2018-11-05&sortBy=popularity&apiKey=445938e7b4214f4988780151868665cc"
MTC,Docademic,"MTC, Docademic",MTC,Docademic,"https://newsapi.org/v2/everything?language=en&q=(MTC)AND(""Docademic"")&from=2018-10-01&to=2018-11-05&sortBy=popularity&apiKey=445938e7b4214f4988780151868665cc"
JNT,Jibrel Network,"JNT, Jibrel Network",JNT,Jibrel Network,"https://newsapi.org/v2/everything?language=en&q=(JNT)AND(""Jibrel Network"")&from=2018-10-01&to=2018-11-05&sortBy=popularity&apiKey=445938e7b4214f4988780151868665cc"
EXC,Eximchain,"EXC, Eximchain",EXC,Eximchain,"https://newsapi.org/v2/everything?language=en&q=(EXC)AND(""Eximchain"")&from=2018-10-01&to=2018-11-05&sortBy=popularity&apiKey=445938e7b4214f4988780151868665cc"
BCO,BridgeCoin,"BCO, BridgeCoin",BCO,BridgeCoin,"https://newsapi.org/v2/everything?language=en&q=(BCO)AND(""BridgeCoin"")&from=2018-10-01&to=2018-11-05&sortBy=popularity&apiKey=445938e7b4214f4988780151868665cc"
BURST,Burst,"BURST, Bitcoin",BURST,Bitcoin,"https://newsapi.org/v2/everything?language=en&q=(BURST)AND(""Bitcoin"")&from=2018-10-01&to=2018-11-05&sortBy=popularity&apiKey=445938e7b4214f4988780151868665cc"
REN,Republic Protocol,"REN, Republic Protocol",REN,Republic Protocol,"https://newsapi.org/v2/everything?language=en&q=(REN)AND(""Republic Protocol"")&from=2018-10-01&to=2018-11-05&sortBy=popularity&apiKey=445938e7b4214f4988780151868665cc"
AUTO,Cube,"AUTO, Crypto",AUTO,Crypto,"https://newsapi.org/v2/everything?language=en&q=(AUTO)AND(""Cube"")AND(""Crypto"")&from=2018-10-01&to=2018-11-05&sortBy=popularity&apiKey=445938e7b4214f4988780151868665cc"
IOTX,IoTeX,"IOTX, IoTeX",IOTX,IoTeX,"https://newsapi.org/v2/everything?language=en&q=(IOTX)AND(""IoTeX"")&from=2018-10-01&to=2018-11-05&sortBy=popularity&apiKey=445938e7b4214f4988780151868665cc"
BTX,Bitcore,"BTX, Bitcore",BTX,Bitcore,"https://newsapi.org/v2/everything?language=en&q=(BTX)AND(""Bitcore"")&from=2018-10-01&to=2018-11-05&sortBy=popularity&apiKey=445938e7b4214f4988780151868665cc"
ZCL,ZClassic,"ZCL, ZClassic",ZCL,ZClassic,"https://newsapi.org/v2/everything?language=en&q=(ZCL)AND(""ZClassic"")&from=2018-10-01&to=2018-11-05&sortBy=popularity&apiKey=445938e7b4214f4988780151868665cc"
EKT,EDUCare,"EKT, EDUCare",EKT,EDUCare,"https://newsapi.org/v2/everything?language=en&q=(EKT)AND(""EDUCare"")&from=2018-10-01&to=2018-11-05&sortBy=popularity&apiKey=445938e7b4214f4988780151868665cc"
BRD,Bread,"BRD, Bread",BRD,Bread,"https://newsapi.org/v2/everything?language=en&q=(BRD)AND(""Bread"")&from=2018-10-01&to=2018-11-05&sortBy=popularity&apiKey=445938e7b4214f4988780151868665cc"
XPM,Primecoin,"XPM, Primecoin",XPM,Primecoin,"https://newsapi.org/v2/everything?language=en&q=(XPM)AND(""Primecoin"")&from=2018-10-01&to=2018-11-05&sortBy=popularity&apiKey=445938e7b4214f4988780151868665cc"
LEND,ETHLend,"LEND, ETHLend",LEND,ETHLend,"https://newsapi.org/v2/everything?language=en&q=(LEND)AND(""ETHLend"")&from=2018-10-01&to=2018-11-05&sortBy=popularity&apiKey=445938e7b4214f4988780151868665cc"
PPC,Peercoin,"PPC, Peercoin",PPC,Peercoin,"https://newsapi.org/v2/everything?language=en&q=(PPC)AND(""Peercoin"")&from=2018-10-01&to=2018-11-05&sortBy=popularity&apiKey=445938e7b4214f4988780151868665cc"
TEN,Tokenomy,"TEN, Tokenomy",TEN,Tokenomy,"https://newsapi.org/v2/everything?language=en&q=(TEN)AND(""Tokenomy"")&from=2018-10-01&to=2018-11-05&sortBy=popularity&apiKey=445938e7b4214f4988780151868665cc"
XSN,Stakenet,"XSN, Stakenet",XSN,Stakenet,"https://newsapi.org/v2/everything?language=en&q=(XSN)AND(""Stakenet"")&from=2018-10-01&to=2018-11-05&sortBy=popularity&apiKey=445938e7b4214f4988780151868665cc"
TIO,Trade Token,"TIO, Trade Token",TIO,Trade Token,"https://newsapi.org/v2/everything?language=en&q=(TIO)AND(""Trade Token"")&from=2018-10-01&to=2018-11-05&sortBy=popularity&apiKey=445938e7b4214f4988780151868665cc"
TEL,Telcoin,"TEL, Telcoin",TEL,Telcoin,"https://newsapi.org/v2/everything?language=en&q=(TEL)AND(""Telcoin"")&from=2018-10-01&to=2018-11-05&sortBy=popularity&apiKey=445938e7b4214f4988780151868665cc"
ECA,Electra,"ECA, Electra",ECA,Electra,"https://newsapi.org/v2/everything?language=en&q=(ECA)AND(""Electra"")&from=2018-10-01&to=2018-11-05&sortBy=popularity&apiKey=445938e7b4214f4988780151868665cc"
OST,OST,"OST, Bitcoin",OST,Bitcoin,"https://newsapi.org/v2/everything?language=en&q=(OST)AND(""Bitcoin"")&from=2018-10-01&to=2018-11-05&sortBy=popularity&apiKey=445938e7b4214f4988780151868665cc"
RPX,Red Pulse,"RPX, Red Pulse",RPX,Red Pulse,"https://newsapi.org/v2/everything?language=en&q=(RPX)AND(""Red Pulse"")&from=2018-10-01&to=2018-11-05&sortBy=popularity&apiKey=445938e7b4214f4988780151868665cc"
TUSD,TrueUSD,"TUSD, TrueUSD",TUSD,TrueUSD,"https://newsapi.org/v2/everything?language=en&q=(TUSD)AND(""TrueUSD"")&from=2018-10-01&to=2018-11-05&sortBy=popularity&apiKey=445938e7b4214f4988780151868665cc"
DAX,DAEX,"DAX, DAEX",DAX,DAEX,"https://newsapi.org/v2/everything?language=en&q=(DAX)AND(""DAEX"")&from=2018-10-01&to=2018-11-05&sortBy=popularity&apiKey=445938e7b4214f4988780151868665cc"
EDG,Edgeless,"EDG, Edgeless",EDG,Edgeless,"https://newsapi.org/v2/everything?language=en&q=(EDG)AND(""Edgeless"")&from=2018-10-01&to=2018-11-05&sortBy=popularity&apiKey=445938e7b4214f4988780151868665cc"
DAI,Dai,"DAI, Bitcoin",DAI,Bitcoin,"https://newsapi.org/v2/everything?language=en&q=(DAI)AND(""Bitcoin"")&from=2018-10-01&to=2018-11-05&sortBy=popularity&apiKey=445938e7b4214f4988780151868665cc"
EDO,Eidoo,"EDO, Eidoo",EDO,Eidoo,"https://newsapi.org/v2/everything?language=en&q=(EDO)AND(""Eidoo"")&from=2018-10-01&to=2018-11-05&sortBy=popularity&apiKey=445938e7b4214f4988780151868665cc"
TOMO,TomoChain,"TOMO, TomoChain",TOMO,TomoChain,"https://newsapi.org/v2/everything?language=en&q=(TOMO)AND(""TomoChain"")&from=2018-10-01&to=2018-11-05&sortBy=popularity&apiKey=445938e7b4214f4988780151868665cc"
ADX,AdEx,"ADX, AdEx",ADX,AdEx,"https://newsapi.org/v2/everything?language=en&q=(ADX)AND(""AdEx"")&from=2018-10-01&to=2018-11-05&sortBy=popularity&apiKey=445938e7b4214f4988780151868665cc"
WGR,Wagerr,"WGR, Wagerr",WGR,Wagerr,"https://newsapi.org/v2/everything?language=en&q=(WGR)AND(""Wagerr"")&from=2018-10-01&to=2018-11-05&sortBy=popularity&apiKey=445938e7b4214f4988780151868665cc"
EMC2,Einsteinium,"EMC2, Einsteinium",EMC2,Einsteinium,"https://newsapi.org/v2/everything?language=en&q=(EMC2)AND(""Einsteinium"")&from=2018-10-01&to=2018-11-05&sortBy=popularity&apiKey=445938e7b4214f4988780151868665cc"
SWM,Swarm,"SWM, Swarm",SWM,Swarm,"https://newsapi.org/v2/everything?language=en&q=(SWM)AND(""Swarm"")&from=2018-10-01&to=2018-11-05&sortBy=popularity&apiKey=445938e7b4214f4988780151868665cc"
RKT,Rock,"RKT, Rock",RKT,Rock,"https://newsapi.org/v2/everything?language=en&q=(RKT)AND(""Rock"")&from=2018-10-01&to=2018-11-05&sortBy=popularity&apiKey=445938e7b4214f4988780151868665cc"
RCN,Ripio Credit Network,"RCN, Ripio Credit Network",RCN,Ripio Credit Network,"https://newsapi.org/v2/everything?language=en&q=(RCN)AND(""Ripio Credit Network"")&from=2018-10-01&to=2018-11-05&sortBy=popularity&apiKey=445938e7b4214f4988780151868665cc"
BAX,BABB,"BAX, BABB",BAX,BABB,"https://newsapi.org/v2/everything?language=en&q=(BAX)AND(""BABB"")&from=2018-10-01&to=2018-11-05&sortBy=popularity&apiKey=445938e7b4214f4988780151868665cc"
QRL,Quantum Resistant Ledger,"QRL, Quantum Resistant Ledger",QRL,Quantum Resistant Ledger,"https://newsapi.org/v2/everything?language=en&q=(QRL)AND(""Quantum Resistant Ledger"")&from=2018-10-01&to=2018-11-05&sortBy=popularity&apiKey=445938e7b4214f4988780151868665cc"
PPP,PayPie,"PPP, PayPie",PPP,PayPie,"https://newsapi.org/v2/everything?language=en&q=(PPP)AND(""PayPie"")&from=2018-10-01&to=2018-11-05&sortBy=popularity&apiKey=445938e7b4214f4988780151868665cc"
SLS,SaluS,"SLS, SaluS",SLS,SaluS,"https://newsapi.org/v2/everything?language=en&q=(SLS)AND(""SaluS"")&from=2018-10-01&to=2018-11-05&sortBy=popularity&apiKey=445938e7b4214f4988780151868665cc"
SAFEX,Safe Exchange coin,"SAFEX, Safe Exchange coin",SAFEX,Safe Exchange coin,"https://newsapi.org/v2/everything?language=en&q=(SAFEX)AND(""Safe Exchange coin"")&from=2018-10-01&to=2018-11-05&sortBy=popularity&apiKey=445938e7b4214f4988780151868665cc"
VIA,Viacoin,"VIA, Viacoin",VIA,Viacoin,"https://newsapi.org/v2/everything?language=en&q=(VIA)AND(""Viacoin"")&from=2018-10-01&to=2018-11-05&sortBy=popularity&apiKey=445938e7b4214f4988780151868665cc"
HOT,Hydro Protocol,"HOT, Hydro Protocol",HOT,Hydro Protocol,"https://newsapi.org/v2/everything?language=en&q=(HOT)AND(""Hydro Protocol"")&from=2018-10-01&to=2018-11-05&sortBy=popularity&apiKey=445938e7b4214f4988780151868665cc"
RNTB,BitRent,"RNTB, BitRent",RNTB,BitRent,"https://newsapi.org/v2/everything?language=en&q=(RNTB)AND(""BitRent"")&from=2018-10-01&to=2018-11-05&sortBy=popularity&apiKey=445938e7b4214f4988780151868665cc"
TKN,TokenCard,"TKN, TokenCard",TKN,TokenCard,"https://newsapi.org/v2/everything?language=en&q=(TKN)AND(""TokenCard"")&from=2018-10-01&to=2018-11-05&sortBy=popularity&apiKey=445938e7b4214f4988780151868665cc"
AST,AirSwap,"AST, AirSwap",AST,AirSwap,"https://newsapi.org/v2/everything?language=en&q=(AST)AND(""AirSwap"")&from=2018-10-01&to=2018-11-05&sortBy=popularity&apiKey=445938e7b4214f4988780151868665cc"
CLOAK,CloakCoin,"CLOAK, CloakCoin",CLOAK,CloakCoin,"https://newsapi.org/v2/everything?language=en&q=(CLOAK)AND(""CloakCoin"")&from=2018-10-01&to=2018-11-05&sortBy=popularity&apiKey=445938e7b4214f4988780151868665cc"
BAY,BitBay,"BAY, BitBay",BAY,BitBay,"https://newsapi.org/v2/everything?language=en&q=(BAY)AND(""BitBay"")&from=2018-10-01&to=2018-11-05&sortBy=popularity&apiKey=445938e7b4214f4988780151868665cc"
SWFTC,SwftCoin,"SWFTC, SwftCoin",SWFTC,SwftCoin,"https://newsapi.org/v2/everything?language=en&q=(SWFTC)AND(""SwftCoin"")&from=2018-10-01&to=2018-11-05&sortBy=popularity&apiKey=445938e7b4214f4988780151868665cc"
BITCNY,bitCNY,"BITCNY, bitCNY",BITCNY,bitCNY,"https://newsapi.org/v2/everything?language=en&q=(BITCNY)AND(""bitCNY"")&from=2018-10-01&to=2018-11-05&sortBy=popularity&apiKey=445938e7b4214f4988780151868665cc"
PRL,Oyster,"PRL, Oyster",PRL,Oyster,"https://newsapi.org/v2/everything?language=en&q=(PRL)AND(""Oyster"")&from=2018-10-01&to=2018-11-05&sortBy=popularity&apiKey=445938e7b4214f4988780151868665cc"
LET,LinkEye,"LET, LinkEye",LET,LinkEye,"https://newsapi.org/v2/everything?language=en&q=(LET)AND(""LinkEye"")&from=2018-10-01&to=2018-11-05&sortBy=popularity&apiKey=445938e7b4214f4988780151868665cc"
SNGLS,SingularDTV,"SNGLS, SingularDTV",SNGLS,SingularDTV,"https://newsapi.org/v2/everything?language=en&q=(SNGLS)AND(""SingularDTV"")&from=2018-10-01&to=2018-11-05&sortBy=popularity&apiKey=445938e7b4214f4988780151868665cc"
SPANK,SpankChain,"SPANK, SpankChain",SPANK,SpankChain,"https://newsapi.org/v2/everything?language=en&q=(SPANK)AND(""SpankChain"")&from=2018-10-01&to=2018-11-05&sortBy=popularity&apiKey=445938e7b4214f4988780151868665cc"
ZCO,Zebi,"ZCO, Zebi",ZCO,Zebi,"https://newsapi.org/v2/everything?language=en&q=(ZCO)AND(""Zebi"")&from=2018-10-01&to=2018-11-05&sortBy=popularity&apiKey=445938e7b4214f4988780151868665cc"
FXT,FuzeX,"FXT, FuzeX",FXT,FuzeX,"https://newsapi.org/v2/everything?language=en&q=(FXT)AND(""FuzeX"")&from=2018-10-01&to=2018-11-05&sortBy=popularity&apiKey=445938e7b4214f4988780151868665cc"
WINGS,Wings,"WINGS, Bitcoin",WINGS,Bitcoin,"https://newsapi.org/v2/everything?language=en&q=(WINGS)AND(""Bitcoin"")&from=2018-10-01&to=2018-11-05&sortBy=popularity&apiKey=445938e7b4214f4988780151868665cc"
XCP,Counterparty,"XCP, Counterparty",XCP,Counterparty,"https://newsapi.org/v2/everything?language=en&q=(XCP)AND(""Counterparty"")&from=2018-10-01&to=2018-11-05&sortBy=popularity&apiKey=445938e7b4214f4988780151868665cc"
